,0
0,"b'{""meta"":{""generated"": ""2021-10-17 02:45:41""},""data"":[{""date"":""2021-01-01"",""tavg"":9.4,""tmin"":3.9,""tmax"":17.2,""prcp"":0.0,""snow"":nu'"
1,"b'll,""wdir"":58.5,""wspd"":4.4,""wpgt"":null,""pres"":1021.4,""tsun"":null},{""date"":""2021-01-02"",""tavg"":11.5,""tmin"":8.3,""tmax"":14.4,""prcp"":'"
2,"b'3.1,""snow"":null,""wdir"":143.4,""wspd"":9.3,""wpgt"":null,""pres"":1024.0,""tsun"":null},{""date"":""2021-01-03"",""tavg"":11.6,""tmin"":10.6,""tma'"
3,"b'x"":13.9,""prcp"":0.0,""snow"":null,""wdir"":355.7,""wspd"":3.5,""wpgt"":null,""pres"":1023.5,""tsun"":null},{""date"":""2021-01-04"",""tavg"":12.8,""'"
4,"b'tmin"":8.3,""tmax"":15.6,""prcp"":5.2,""snow"":null,""wdir"":175.8,""wspd"":14.0,""wpgt"":null,""pres"":1021.2,""tsun"":null},{""date"":""2021-01-05'"
5,"b'"",""tavg"":9.2,""tmin"":5.6,""tmax"":13.3,""prcp"":0.0,""snow"":null,""wdir"":358.8,""wspd"":4.6,""wpgt"":null,""pres"":1024.6,""tsun"":null},{""date'"
6,"b'"":""2021-01-06"",""tavg"":8.6,""tmin"":2.8,""tmax"":16.1,""prcp"":0.6,""snow"":null,""wdir"":339.5,""wspd"":5.3,""wpgt"":null,""pres"":1023.4,""tsun""'"
7,"b':null},{""date"":""2021-01-07"",""tavg"":9.6,""tmin"":6.1,""tmax"":15.0,""prcp"":0.0,""snow"":null,""wdir"":166.7,""wspd"":3.4,""wpgt"":null,""pres"":'"
8,"b'1023.0,""tsun"":null},{""date"":""2021-01-08"",""tavg"":11.2,""tmin"":8.3,""tmax"":15.6,""prcp"":0.0,""snow"":null,""wdir"":325.0,""wspd"":8.3,""wpgt'"
9,"b'"":null,""pres"":1024.6,""tsun"":null},{""date"":""2021-01-09"",""tavg"":10.1,""tmin"":5.0,""tmax"":16.1,""prcp"":0.0,""snow"":null,""wdir"":338.4,""w'"
10,"b'spd"":5.3,""wpgt"":null,""pres"":1024.5,""tsun"":null},{""date"":""2021-01-10"",""tavg"":9.4,""tmin"":4.4,""tmax"":17.2,""prcp"":0.0,""snow"":null,""w'"
11,"b'dir"":346.1,""wspd"":5.4,""wpgt"":null,""pres"":1024.8,""tsun"":null},{""date"":""2021-01-11"",""tavg"":9.9,""tmin"":4.4,""tmax"":16.7,""prcp"":0.0,""'"
12,"b'snow"":null,""wdir"":344.3,""wspd"":6.7,""wpgt"":null,""pres"":1023.9,""tsun"":null},{""date"":""2021-01-12"",""tavg"":11.9,""tmin"":7.2,""tmax"":16.'"
13,"b'7,""prcp"":0.0,""snow"":null,""wdir"":348.5,""wspd"":5.1,""wpgt"":null,""pres"":1025.7,""tsun"":null},{""date"":""2021-01-13"",""tavg"":13.3,""tmin"":'"
14,"b'7.2,""tmax"":20.6,""prcp"":0.0,""snow"":null,""wdir"":301.4,""wspd"":5.5,""wpgt"":null,""pres"":1027.8,""tsun"":null},{""date"":""2021-01-14"",""tavg'"
15,"b'"":13.6,""tmin"":7.2,""tmax"":21.7,""prcp"":0.0,""snow"":null,""wdir"":357.2,""wspd"":6.3,""wpgt"":null,""pres"":1026.4,""tsun"":null},{""date"":""202'"
16,"b'1-01-15"",""tavg"":12.7,""tmin"":6.1,""tmax"":20.6,""prcp"":0.0,""snow"":null,""wdir"":270.8,""wspd"":5.9,""wpgt"":null,""pres"":1025.3,""tsun"":null'"
17,"b'},{""date"":""2021-01-16"",""tavg"":13.4,""tmin"":7.2,""tmax"":21.1,""prcp"":0.0,""snow"":null,""wdir"":286.8,""wspd"":4.3,""wpgt"":null,""pres"":1021'"
18,"b'.4,""tsun"":null},{""date"":""2021-01-17"",""tavg"":14.7,""tmin"":7.2,""tmax"":25.0,""prcp"":0.0,""snow"":null,""wdir"":277.0,""wspd"":4.1,""wpgt"":nu'"
19,"b'll,""pres"":1018.4,""tsun"":null},{""date"":""2021-01-18"",""tavg"":19.0,""tmin"":11.1,""tmax"":25.0,""prcp"":0.0,""snow"":null,""wdir"":329.6,""wspd'"
20,"b'"":16.0,""wpgt"":null,""pres"":1013.4,""tsun"":null},{""date"":""2021-01-19"",""tavg"":15.0,""tmin"":11.1,""tmax"":20.0,""prcp"":0.0,""snow"":null,""w'"
21,"b'dir"":341.8,""wspd"":20.4,""wpgt"":null,""pres"":1014.0,""tsun"":null},{""date"":""2021-01-20"",""tavg"":11.5,""tmin"":5.0,""tmax"":19.4,""prcp"":0.0'"
22,"b',""snow"":null,""wdir"":40.3,""wspd"":5.4,""wpgt"":null,""pres"":1018.8,""tsun"":null},{""date"":""2021-01-21"",""tavg"":9.9,""tmin"":3.9,""tmax"":17.'"
23,"b'2,""prcp"":0.0,""snow"":null,""wdir"":352.0,""wspd"":6.4,""wpgt"":null,""pres"":1017.4,""tsun"":null},{""date"":""2021-01-22"",""tavg"":9.4,""tmin"":7'"
24,"b'.8,""tmax"":11.1,""prcp"":5.5,""snow"":null,""wdir"":193.5,""wspd"":8.6,""wpgt"":null,""pres"":1013.1,""tsun"":null},{""date"":""2021-01-23"",""tavg""'"
25,"b':8.7,""tmin"":5.0,""tmax"":12.8,""prcp"":0.0,""snow"":null,""wdir"":339.5,""wspd"":8.4,""wpgt"":null,""pres"":1014.1,""tsun"":null},{""date"":""2021-'"
26,"b'01-24"",""tavg"":7.2,""tmin"":2.8,""tmax"":11.1,""prcp"":4.0,""snow"":null,""wdir"":175.9,""wspd"":9.7,""wpgt"":null,""pres"":1013.1,""tsun"":null},{'"
27,"b'""date"":""2021-01-25"",""tavg"":8.2,""tmin"":6.7,""tmax"":11.7,""prcp"":0.0,""snow"":null,""wdir"":312.8,""wspd"":24.7,""wpgt"":null,""pres"":1010.5,'"
28,"b'""tsun"":null},{""date"":""2021-01-26"",""tavg"":6.4,""tmin"":0.6,""tmax"":10.6,""prcp"":10.4,""snow"":null,""wdir"":145.4,""wspd"":20.4,""wpgt"":null'"
29,"b',""pres"":1012.7,""tsun"":null},{""date"":""2021-01-27"",""tavg"":9.1,""tmin"":7.8,""tmax"":11.1,""prcp"":33.4,""snow"":null,""wdir"":140.4,""wspd"":3'"
30,"b'0.3,""wpgt"":null,""pres"":1007.3,""tsun"":null},{""date"":""2021-01-28"",""tavg"":9.9,""tmin"":8.3,""tmax"":10.6,""prcp"":25.7,""snow"":null,""wdir""'"
31,"b':133.1,""wspd"":16.3,""wpgt"":null,""pres"":1007.4,""tsun"":null},{""date"":""2021-01-29"",""tavg"":9.1,""tmin"":5.0,""tmax"":13.3,""prcp"":1.7,""sno'"
32,"b'w"":null,""wdir"":9.0,""wspd"":7.3,""wpgt"":null,""pres"":1013.2,""tsun"":null},{""date"":""2021-01-30"",""tavg"":10.8,""tmin"":6.1,""tmax"":16.7,""pr'"
33,"b'cp"":0.0,""snow"":null,""wdir"":143.6,""wspd"":6.7,""wpgt"":null,""pres"":1021.3,""tsun"":null},{""date"":""2021-01-31"",""tavg"":13.7,""tmin"":9.4,""'"
34,"b'tmax"":18.3,""prcp"":0.0,""snow"":null,""wdir"":151.6,""wspd"":7.6,""wpgt"":null,""pres"":1020.3,""tsun"":null},{""date"":""2021-02-01"",""tavg"":13.'"
35,"b'2,""tmin"":8.3,""tmax"":17.2,""prcp"":0.0,""snow"":null,""wdir"":187.1,""wspd"":14.3,""wpgt"":null,""pres"":1016.5,""tsun"":null},{""date"":""2021-02'"
36,"b'-02"",""tavg"":12.7,""tmin"":9.4,""tmax"":15.6,""prcp"":5.8,""snow"":null,""wdir"":79.1,""wspd"":12.6,""wpgt"":null,""pres"":1019.4,""tsun"":null},{""'"
37,"b'date"":""2021-02-03"",""tavg"":9.9,""tmin"":5.0,""tmax"":14.4,""prcp"":0.0,""snow"":null,""wdir"":335.2,""wspd"":8.3,""wpgt"":null,""pres"":1023.7,""t'"
38,"b'sun"":null},{""date"":""2021-02-04"",""tavg"":11.2,""tmin"":7.2,""tmax"":16.1,""prcp"":0.0,""snow"":null,""wdir"":296.6,""wspd"":9.4,""wpgt"":null,""p'"
39,"b'res"":1023.9,""tsun"":null},{""date"":""2021-02-05"",""tavg"":11.2,""tmin"":4.4,""tmax"":21.1,""prcp"":0.0,""snow"":null,""wdir"":3.9,""wspd"":6.9,""w'"
40,"b'pgt"":null,""pres"":1022.3,""tsun"":null},{""date"":""2021-02-06"",""tavg"":12.0,""tmin"":5.0,""tmax"":21.1,""prcp"":0.0,""snow"":null,""wdir"":345.4'"
41,"b',""wspd"":4.7,""wpgt"":null,""pres"":1018.9,""tsun"":null},{""date"":""2021-02-07"",""tavg"":11.5,""tmin"":5.6,""tmax"":19.4,""prcp"":0.0,""snow"":nul'"
42,"b'l,""wdir"":199.8,""wspd"":5.7,""wpgt"":null,""pres"":1015.4,""tsun"":null},{""date"":""2021-02-08"",""tavg"":10.1,""tmin"":4.4,""tmax"":15.6,""prcp"":'"
43,"b'0.0,""snow"":null,""wdir"":5.2,""wspd"":5.7,""wpgt"":null,""pres"":1014.8,""tsun"":null},{""date"":""2021-02-09"",""tavg"":12.2,""tmin"":9.4,""tmax"":'"
44,"b'16.7,""prcp"":0.2,""snow"":null,""wdir"":343.2,""wspd"":5.5,""wpgt"":null,""pres"":1016.8,""tsun"":null},{""date"":""2021-02-10"",""tavg"":11.8,""tmi'"
45,"b'n"":7.8,""tmax"":17.2,""prcp"":0.0,""snow"":null,""wdir"":336.7,""wspd"":7.9,""wpgt"":null,""pres"":1019.1,""tsun"":null},{""date"":""2021-02-11"",""t'"
46,"b'avg"":11.2,""tmin"":7.2,""tmax"":16.1,""prcp"":8.6,""snow"":null,""wdir"":115.7,""wspd"":6.6,""wpgt"":null,""pres"":1017.8,""tsun"":null},{""date"":""'"
47,"b'2021-02-12"",""tavg"":12.0,""tmin"":9.4,""tmax"":15.6,""prcp"":1.2,""snow"":null,""wdir"":324.6,""wspd"":15.5,""wpgt"":null,""pres"":1017.4,""tsun"":'"
48,"b'null},{""date"":""2021-02-13"",""tavg"":12.3,""tmin"":10.0,""tmax"":15.6,""prcp"":1.9,""snow"":null,""wdir"":286.7,""wspd"":16.1,""wpgt"":null,""pres'"
49,"b'"":1017.4,""tsun"":null},{""date"":""2021-02-14"",""tavg"":10.9,""tmin"":6.1,""tmax"":13.9,""prcp"":0.2,""snow"":null,""wdir"":14.8,""wspd"":7.0,""wpg'"
50,"b't"":null,""pres"":1019.2,""tsun"":null},{""date"":""2021-02-15"",""tavg"":12.5,""tmin"":10.6,""tmax"":16.1,""prcp"":4.0,""snow"":null,""wdir"":102.9,'"
51,"b'""wspd"":14.8,""wpgt"":null,""pres"":1019.1,""tsun"":null},{""date"":""2021-02-16"",""tavg"":10.4,""tmin"":6.7,""tmax"":13.9,""prcp"":0.0,""snow"":nul'"
52,"b'l,""wdir"":325.6,""wspd"":12.4,""wpgt"":null,""pres"":1021.3,""tsun"":null},{""date"":""2021-02-17"",""tavg"":10.4,""tmin"":3.9,""tmax"":17.2,""prcp""'"
53,"b':0.0,""snow"":null,""wdir"":328.8,""wspd"":9.4,""wpgt"":null,""pres"":1022.5,""tsun"":null},{""date"":""2021-02-18"",""tavg"":11.5,""tmin"":3.3,""tma'"
54,"b'x"":19.4,""prcp"":0.0,""snow"":null,""wdir"":47.3,""wspd"":7.7,""wpgt"":null,""pres"":1026.6,""tsun"":null},{""date"":""2021-02-19"",""tavg"":12.9,""t'"
55,"b'min"":9.4,""tmax"":18.3,""prcp"":0.0,""snow"":null,""wdir"":114.6,""wspd"":14.4,""wpgt"":null,""pres"":1026.1,""tsun"":null},{""date"":""2021-02-20""'"
56,"b',""tavg"":11.1,""tmin"":8.3,""tmax"":15.6,""prcp"":1.6,""snow"":null,""wdir"":309.5,""wspd"":16.1,""wpgt"":null,""pres"":1027.5,""tsun"":null},{""dat'"
57,"b'e"":""2021-02-21"",""tavg"":11.4,""tmin"":5.6,""tmax"":17.8,""prcp"":0.0,""snow"":null,""wdir"":318.3,""wspd"":6.8,""wpgt"":null,""pres"":1030.0,""tsu'"
58,"b'n"":null},{""date"":""2021-02-22"",""tavg"":13.6,""tmin"":7.2,""tmax"":22.2,""prcp"":0.0,""snow"":null,""wdir"":354.1,""wspd"":5.8,""wpgt"":null,""pre'"
59,"b's"":1025.0,""tsun"":null},{""date"":""2021-02-23"",""tavg"":15.3,""tmin"":7.8,""tmax"":25.6,""prcp"":0.0,""snow"":null,""wdir"":337.7,""wspd"":8.0,""w'"
60,"b'pgt"":null,""pres"":1020.0,""tsun"":null},{""date"":""2021-02-24"",""tavg"":14.2,""tmin"":6.1,""tmax"":21.7,""prcp"":0.0,""snow"":null,""wdir"":325.3'"
61,"b',""wspd"":11.0,""wpgt"":null,""pres"":1021.7,""tsun"":null},{""date"":""2021-02-25"",""tavg"":13.7,""tmin"":8.3,""tmax"":19.4,""prcp"":0.0,""snow"":nu'"
62,"b'll,""wdir"":321.5,""wspd"":14.8,""wpgt"":null,""pres"":1023.7,""tsun"":null},{""date"":""2021-02-26"",""tavg"":10.8,""tmin"":5.6,""tmax"":16.7,""prcp'"
63,"b'"":0.0,""snow"":null,""wdir"":292.6,""wspd"":10.5,""wpgt"":null,""pres"":1021.3,""tsun"":null},{""date"":""2021-02-27"",""tavg"":11.0,""tmin"":6.1,""t'"
64,"b'max"":16.7,""prcp"":0.0,""snow"":null,""wdir"":326.9,""wspd"":14.8,""wpgt"":null,""pres"":1020.9,""tsun"":null},{""date"":""2021-02-28"",""tavg"":12.'"
65,"b'5,""tmin"":5.0,""tmax"":20.0,""prcp"":0.0,""snow"":null,""wdir"":318.9,""wspd"":8.9,""wpgt"":null,""pres"":1021.6,""tsun"":null},{""date"":""2021-03-'"
66,"b'01"",""tavg"":14.0,""tmin"":6.1,""tmax"":21.1,""prcp"":0.0,""snow"":null,""wdir"":156.3,""wspd"":10.9,""wpgt"":null,""pres"":1019.2,""tsun"":null},{""'"
67,"b'date"":""2021-03-02"",""tavg"":12.2,""tmin"":6.1,""tmax"":18.9,""prcp"":0.0,""snow"":null,""wdir"":343.6,""wspd"":8.0,""wpgt"":null,""pres"":1013.2,""'"
68,"b'tsun"":null},{""date"":""2021-03-03"",""tavg"":12.9,""tmin"":8.9,""tmax"":20.6,""prcp"":0.0,""snow"":null,""wdir"":159.3,""wspd"":8.1,""wpgt"":null,""'"
69,"b'pres"":1010.1,""tsun"":null},{""date"":""2021-03-04"",""tavg"":12.1,""tmin"":6.7,""tmax"":19.4,""prcp"":0.0,""snow"":null,""wdir"":150.3,""wspd"":11.'"
70,"b'4,""wpgt"":null,""pres"":1022.8,""tsun"":null},{""date"":""2021-03-05"",""tavg"":13.1,""tmin"":6.7,""tmax"":19.4,""prcp"":0.0,""snow"":null,""wdir"":1'"
71,"b'38.2,""wspd"":12.9,""wpgt"":null,""pres"":1020.4,""tsun"":null},{""date"":""2021-03-06"",""tavg"":10.9,""tmin"":8.3,""tmax"":15.0,""prcp"":4.0,""snow'"
72,"b'"":null,""wdir"":332.6,""wspd"":13.6,""wpgt"":null,""pres"":1020.5,""tsun"":null},{""date"":""2021-03-07"",""tavg"":10.2,""tmin"":3.9,""tmax"":16.1,""'"
73,"b'prcp"":0.0,""snow"":null,""wdir"":339.8,""wspd"":11.0,""wpgt"":null,""pres"":1019.7,""tsun"":null},{""date"":""2021-03-08"",""tavg"":10.5,""tmin"":6.'"
74,"b'7,""tmax"":15.0,""prcp"":0.0,""snow"":null,""wdir"":195.8,""wspd"":10.0,""wpgt"":null,""pres"":1022.0,""tsun"":null},{""date"":""2021-03-09"",""tavg""'"
75,"b':9.9,""tmin"":6.7,""tmax"":15.0,""prcp"":7.7,""snow"":null,""wdir"":158.5,""wspd"":15.8,""wpgt"":null,""pres"":1019.3,""tsun"":null},{""date"":""2021'"
76,"b'-03-10"",""tavg"":8.3,""tmin"":6.7,""tmax"":11.1,""prcp"":6.9,""snow"":null,""wdir"":155.5,""wspd"":10.4,""wpgt"":null,""pres"":1014.3,""tsun"":null}'"
77,"b',{""date"":""2021-03-11"",""tavg"":9.0,""tmin"":6.7,""tmax"":13.9,""prcp"":0.2,""snow"":null,""wdir"":327.7,""wspd"":10.3,""wpgt"":null,""pres"":1018.'"
78,"b'2,""tsun"":null},{""date"":""2021-03-12"",""tavg"":11.0,""tmin"":3.9,""tmax"":18.9,""prcp"":0.0,""snow"":null,""wdir"":332.0,""wspd"":9.6,""wpgt"":nul'"
79,"b'l,""pres"":1021.1,""tsun"":null},{""date"":""2021-03-13"",""tavg"":10.3,""tmin"":6.7,""tmax"":15.0,""prcp"":0.0,""snow"":null,""wdir"":333.5,""wspd"":'"
80,"b'10.2,""wpgt"":null,""pres"":1025.7,""tsun"":null},{""date"":""2021-03-14"",""tavg"":10.7,""tmin"":8.0,""tmax"":15.0,""prcp"":null,""snow"":null,""wdi'"
81,"b'r"":null,""wspd"":null,""wpgt"":null,""pres"":null,""tsun"":null},{""date"":""2021-03-15"",""tavg"":8.9,""tmin"":6.7,""tmax"":11.7,""prcp"":4.1,""snow'"
82,"b'"":null,""wdir"":300.2,""wspd"":20.7,""wpgt"":null,""pres"":1017.2,""tsun"":null},{""date"":""2021-03-16"",""tavg"":8.9,""tmin"":2.8,""tmax"":15.6,""p'"
83,"b'rcp"":0.0,""snow"":null,""wdir"":85.1,""wspd"":10.4,""wpgt"":null,""pres"":1018.0,""tsun"":null},{""date"":""2021-03-17"",""tavg"":8.8,""tmin"":3.9,""'"
84,"b'tmax"":13.9,""prcp"":0.0,""snow"":null,""wdir"":333.0,""wspd"":6.7,""wpgt"":null,""pres"":1019.5,""tsun"":null},{""date"":""2021-03-18"",""tavg"":12.'"
85,"b'2,""tmin"":10.0,""tmax"":15.6,""prcp"":7.2,""snow"":null,""wdir"":174.1,""wspd"":13.1,""wpgt"":null,""pres"":1019.1,""tsun"":null},{""date"":""2021-0'"
86,"b'3-19"",""tavg"":12.5,""tmin"":9.4,""tmax"":15.6,""prcp"":1.0,""snow"":null,""wdir"":337.9,""wspd"":9.0,""wpgt"":null,""pres"":1021.4,""tsun"":null},{'"
87,"b'""date"":""2021-03-20"",""tavg"":10.0,""tmin"":4.4,""tmax"":15.0,""prcp"":0.0,""snow"":null,""wdir"":340.0,""wspd"":12.4,""wpgt"":null,""pres"":1025.4'"
88,"b',""tsun"":null},{""date"":""2021-03-21"",""tavg"":10.8,""tmin"":5.0,""tmax"":18.3,""prcp"":0.0,""snow"":null,""wdir"":324.6,""wspd"":10.5,""wpgt"":nul'"
89,"b'l,""pres"":1024.5,""tsun"":null},{""date"":""2021-03-22"",""tavg"":10.9,""tmin"":3.9,""tmax"":16.7,""prcp"":0.0,""snow"":null,""wdir"":257.5,""wspd"":'"
90,"b'12.3,""wpgt"":null,""pres"":1022.3,""tsun"":null},{""date"":""2021-03-23"",""tavg"":13.8,""tmin"":7.8,""tmax"":18.9,""prcp"":0.0,""snow"":null,""wdir'"
91,"b'"":324.0,""wspd"":24.7,""wpgt"":null,""pres"":1017.7,""tsun"":null},{""date"":""2021-03-24"",""tavg"":14.0,""tmin"":7.8,""tmax"":20.6,""prcp"":0.0,""s'"
92,"b'now"":null,""wdir"":304.4,""wspd"":10.9,""wpgt"":null,""pres"":1016.3,""tsun"":null},{""date"":""2021-03-25"",""tavg"":12.0,""tmin"":8.3,""tmax"":16.'"
93,"b'7,""prcp"":0.0,""snow"":null,""wdir"":282.7,""wspd"":10.4,""wpgt"":null,""pres"":1010.5,""tsun"":null},{""date"":""2021-03-26"",""tavg"":13.4,""tmin""'"
94,"b':5.6,""tmax"":21.7,""prcp"":0.0,""snow"":null,""wdir"":335.5,""wspd"":10.8,""wpgt"":null,""pres"":1016.7,""tsun"":null},{""date"":""2021-03-27"",""ta'"
95,"b'vg"":15.6,""tmin"":7.2,""tmax"":23.9,""prcp"":0.0,""snow"":null,""wdir"":346.2,""wspd"":8.8,""wpgt"":null,""pres"":1023.8,""tsun"":null},{""date"":""2'"
96,"b'021-03-28"",""tavg"":15.7,""tmin"":8.3,""tmax"":24.4,""prcp"":0.0,""snow"":null,""wdir"":325.1,""wspd"":10.2,""wpgt"":null,""pres"":1023.3,""tsun"":n'"
97,"b'ull},{""date"":""2021-03-29"",""tavg"":12.9,""tmin"":7.8,""tmax"":17.8,""prcp"":0.0,""snow"":null,""wdir"":340.1,""wspd"":9.9,""wpgt"":null,""pres"":1'"
98,"b'017.2,""tsun"":null},{""date"":""2021-03-30"",""tavg"":17.1,""tmin"":8.9,""tmax"":25.0,""prcp"":0.0,""snow"":null,""wdir"":329.8,""wspd"":10.3,""wpgt'"
99,"b'"":null,""pres"":1016.0,""tsun"":null},{""date"":""2021-03-31"",""tavg"":18.4,""tmin"":7.8,""tmax"":28.3,""prcp"":0.0,""snow"":null,""wdir"":24.2,""ws'"
100,"b'pd"":7.3,""wpgt"":null,""pres"":1018.4,""tsun"":null},{""date"":""2021-04-01"",""tavg"":19.4,""tmin"":10.0,""tmax"":29.4,""prcp"":0.0,""snow"":null,""'"
101,"b'wdir"":45.1,""wspd"":9.2,""wpgt"":null,""pres"":1014.0,""tsun"":null},{""date"":""2021-04-02"",""tavg"":14.8,""tmin"":10.0,""tmax"":21.1,""prcp"":0.0'"
102,"b',""snow"":null,""wdir"":330.7,""wspd"":10.2,""wpgt"":null,""pres"":1015.9,""tsun"":null},{""date"":""2021-04-03"",""tavg"":12.5,""tmin"":10.0,""tmax""'"
103,"b':17.2,""prcp"":0.0,""snow"":null,""wdir"":358.6,""wspd"":12.3,""wpgt"":null,""pres"":1021.0,""tsun"":null},{""date"":""2021-04-04"",""tavg"":12.7,""t'"
104,"b'min"":10.0,""tmax"":17.2,""prcp"":0.0,""snow"":null,""wdir"":316.7,""wspd"":14.7,""wpgt"":null,""pres"":1022.4,""tsun"":null},{""date"":""2021-04-05'"
105,"b'"",""tavg"":12.4,""tmin"":10.0,""tmax"":16.7,""prcp"":0.0,""snow"":null,""wdir"":322.6,""wspd"":13.3,""wpgt"":null,""pres"":1018.2,""tsun"":null},{""d'"
106,"b'ate"":""2021-04-06"",""tavg"":12.9,""tmin"":10.0,""tmax"":18.9,""prcp"":0.0,""snow"":null,""wdir"":343.9,""wspd"":10.6,""wpgt"":null,""pres"":1017.9,'"
107,"b'""tsun"":null},{""date"":""2021-04-07"",""tavg"":12.2,""tmin"":10.0,""tmax"":16.7,""prcp"":0.0,""snow"":null,""wdir"":327.5,""wspd"":14.8,""wpgt"":nul'"
108,"b'l,""pres"":1021.7,""tsun"":null},{""date"":""2021-04-08"",""tavg"":12.5,""tmin"":7.2,""tmax"":19.4,""prcp"":0.0,""snow"":null,""wdir"":342.0,""wspd"":'"
109,"b'9.4,""wpgt"":null,""pres"":1021.7,""tsun"":null},{""date"":""2021-04-09"",""tavg"":11.9,""tmin"":8.3,""tmax"":16.7,""prcp"":0.0,""snow"":null,""wdir""'"
110,"b':342.4,""wspd"":11.6,""wpgt"":null,""pres"":1020.6,""tsun"":null},{""date"":""2021-04-10"",""tavg"":12.9,""tmin"":6.7,""tmax"":20.0,""prcp"":0.0,""sn'"
111,"b'ow"":null,""wdir"":344.7,""wspd"":9.3,""wpgt"":null,""pres"":1018.4,""tsun"":null},{""date"":""2021-04-11"",""tavg"":13.0,""tmin"":6.7,""tmax"":22.2,'"
112,"b'""prcp"":0.0,""snow"":null,""wdir"":283.5,""wspd"":8.4,""wpgt"":null,""pres"":1012.7,""tsun"":null},{""date"":""2021-04-12"",""tavg"":14.0,""tmin"":7.'"
113,"b'2,""tmax"":22.8,""prcp"":0.0,""snow"":null,""wdir"":342.7,""wspd"":7.2,""wpgt"":null,""pres"":1010.6,""tsun"":null},{""date"":""2021-04-13"",""tavg"":'"
114,"b'13.2,""tmin"":9.4,""tmax"":17.8,""prcp"":0.0,""snow"":null,""wdir"":214.2,""wspd"":13.1,""wpgt"":null,""pres"":1011.4,""tsun"":null},{""date"":""2021'"
115,"b'-04-14"",""tavg"":13.9,""tmin"":7.8,""tmax"":21.1,""prcp"":0.0,""snow"":null,""wdir"":90.9,""wspd"":13.5,""wpgt"":null,""pres"":1013.9,""tsun"":null}'"
116,"b',{""date"":""2021-04-15"",""tavg"":13.3,""tmin"":7.8,""tmax"":19.4,""prcp"":0.0,""snow"":null,""wdir"":320.2,""wspd"":12.8,""wpgt"":null,""pres"":1016'"
117,"b'.8,""tsun"":null},{""date"":""2021-04-16"",""tavg"":13.0,""tmin"":8.9,""tmax"":18.9,""prcp"":0.0,""snow"":null,""wdir"":339.4,""wspd"":12.2,""wpgt"":n'"
118,"b'ull,""pres"":1016.7,""tsun"":null},{""date"":""2021-04-17"",""tavg"":14.0,""tmin"":9.4,""tmax"":20.6,""prcp"":0.0,""snow"":null,""wdir"":336.5,""wspd'"
119,"b'"":12.3,""wpgt"":null,""pres"":1017.4,""tsun"":null},{""date"":""2021-04-18"",""tavg"":17.1,""tmin"":8.9,""tmax"":27.8,""prcp"":0.0,""snow"":null,""wd'"
120,"b'ir"":346.0,""wspd"":8.7,""wpgt"":null,""pres"":1019.0,""tsun"":null},{""date"":""2021-04-19"",""tavg"":14.2,""tmin"":10.0,""tmax"":19.4,""prcp"":0.0,'"
121,"b'""snow"":null,""wdir"":274.8,""wspd"":10.5,""wpgt"":null,""pres"":1019.0,""tsun"":null},{""date"":""2021-04-20"",""tavg"":12.7,""tmin"":8.9,""tmax"":1'"
122,"b'7.8,""prcp"":0.0,""snow"":null,""wdir"":219.0,""wspd"":12.1,""wpgt"":null,""pres"":1014.1,""tsun"":null},{""date"":""2021-04-21"",""tavg"":13.7,""tmi'"
123,"b'n"":9.4,""tmax"":20.0,""prcp"":0.0,""snow"":null,""wdir"":123.4,""wspd"":15.1,""wpgt"":null,""pres"":1011.3,""tsun"":null},{""date"":""2021-04-22"",""'"
124,"b'tavg"":13.3,""tmin"":10.6,""tmax"":20.0,""prcp"":0.0,""snow"":null,""wdir"":136.8,""wspd"":18.1,""wpgt"":null,""pres"":1013.9,""tsun"":null},{""date'"
125,"b'"":""2021-04-23"",""tavg"":14.1,""tmin"":10.0,""tmax"":21.7,""prcp"":0.0,""snow"":null,""wdir"":10.3,""wspd"":13.1,""wpgt"":null,""pres"":1015.8,""tsu'"
126,"b'n"":null},{""date"":""2021-04-24"",""tavg"":14.0,""tmin"":10.6,""tmax"":18.9,""prcp"":0.0,""snow"":null,""wdir"":330.9,""wspd"":12.7,""wpgt"":null,""p'"
127,"b'res"":1016.1,""tsun"":null},{""date"":""2021-04-25"",""tavg"":12.9,""tmin"":9.4,""tmax"":15.0,""prcp"":7.4,""snow"":null,""wdir"":275.1,""wspd"":9.9,'"
128,"b'""wpgt"":null,""pres"":1012.7,""tsun"":null},{""date"":""2021-04-26"",""tavg"":11.3,""tmin"":5.0,""tmax"":16.7,""prcp"":0.0,""snow"":null,""wdir"":350'"
129,"b'.9,""wspd"":12.5,""wpgt"":null,""pres"":1013.6,""tsun"":null},{""date"":""2021-04-27"",""tavg"":14.1,""tmin"":5.6,""tmax"":22.2,""prcp"":0.0,""snow"":'"
130,"b'null,""wdir"":278.3,""wspd"":11.0,""wpgt"":null,""pres"":1016.4,""tsun"":null},{""date"":""2021-04-28"",""tavg"":17.9,""tmin"":8.9,""tmax"":27.8,""pr'"
131,"b'cp"":0.0,""snow"":null,""wdir"":340.8,""wspd"":10.8,""wpgt"":null,""pres"":1021.1,""tsun"":null},{""date"":""2021-04-29"",""tavg"":18.6,""tmin"":13.6'"
132,"b',""tmax"":26.1,""prcp"":0.0,""snow"":null,""wdir"":341.8,""wspd"":7.8,""wpgt"":null,""pres"":1022.6,""tsun"":null},{""date"":""2021-04-30"",""tavg"":1'"
133,"b'5.8,""tmin"":10.8,""tmax"":23.8,""prcp"":0.0,""snow"":null,""wdir"":333.1,""wspd"":9.2,""wpgt"":null,""pres"":1020.9,""tsun"":null},{""date"":""2021-'"
134,"b'05-01"",""tavg"":15.5,""tmin"":11.1,""tmax"":21.1,""prcp"":0.0,""snow"":null,""wdir"":356.2,""wspd"":12.7,""wpgt"":null,""pres"":1017.1,""tsun"":null'"
135,"b'},{""date"":""2021-05-02"",""tavg"":15.5,""tmin"":9.4,""tmax"":22.8,""prcp"":0.0,""snow"":null,""wdir"":275.8,""wspd"":14.1,""wpgt"":null,""pres"":101'"
136,"b'4.0,""tsun"":null},{""date"":""2021-05-03"",""tavg"":18.6,""tmin"":11.1,""tmax"":28.3,""prcp"":0.0,""snow"":null,""wdir"":345.0,""wspd"":11.5,""wpgt""'"
137,"b':null,""pres"":1013.1,""tsun"":null},{""date"":""2021-05-04"",""tavg"":19.5,""tmin"":13.9,""tmax"":27.8,""prcp"":0.0,""snow"":null,""wdir"":305.6,""w'"
138,"b'spd"":10.4,""wpgt"":null,""pres"":1013.7,""tsun"":null},{""date"":""2021-05-05"",""tavg"":18.1,""tmin"":12.2,""tmax"":27.8,""prcp"":0.0,""snow"":null'"
139,"b',""wdir"":342.3,""wspd"":9.8,""wpgt"":null,""pres"":1013.2,""tsun"":null},{""date"":""2021-05-06"",""tavg"":15.2,""tmin"":11.1,""tmax"":21.1,""prcp"":'"
140,"b'0.0,""snow"":null,""wdir"":344.8,""wspd"":14.4,""wpgt"":null,""pres"":1017.6,""tsun"":null},{""date"":""2021-05-07"",""tavg"":15.5,""tmin"":10.0,""tm'"
141,"b'ax"":21.7,""prcp"":0.0,""snow"":null,""wdir"":287.2,""wspd"":11.8,""wpgt"":null,""pres"":1017.4,""tsun"":null},{""date"":""2021-05-08"",""tavg"":18.7'"
142,"b',""tmin"":10.0,""tmax"":28.3,""prcp"":0.0,""snow"":null,""wdir"":329.9,""wspd"":12.5,""wpgt"":null,""pres"":1015.8,""tsun"":null},{""date"":""2021-05'"
143,"b'-09"",""tavg"":18.6,""tmin"":12.8,""tmax"":27.2,""prcp"":0.0,""snow"":null,""wdir"":312.2,""wspd"":13.1,""wpgt"":null,""pres"":1013.3,""tsun"":null},'"
144,"b'{""date"":""2021-05-10"",""tavg"":19.7,""tmin"":12.2,""tmax"":28.9,""prcp"":0.0,""snow"":null,""wdir"":334.7,""wspd"":11.8,""wpgt"":null,""pres"":1011'"
145,"b'.2,""tsun"":null},{""date"":""2021-05-11"",""tavg"":19.3,""tmin"":12.2,""tmax"":27.8,""prcp"":0.0,""snow"":null,""wdir"":302.5,""wspd"":10.7,""wpgt"":'"
146,"b'null,""pres"":1012.1,""tsun"":null},{""date"":""2021-05-12"",""tavg"":17.0,""tmin"":12.2,""tmax"":23.3,""prcp"":0.0,""snow"":null,""wdir"":326.4,""ws'"
147,"b'pd"":11.0,""wpgt"":null,""pres"":1015.0,""tsun"":null},{""date"":""2021-05-13"",""tavg"":15.1,""tmin"":11.1,""tmax"":21.7,""prcp"":0.0,""snow"":null,'"
148,"b'""wdir"":300.1,""wspd"":11.4,""wpgt"":null,""pres"":1016.6,""tsun"":null},{""date"":""2021-05-14"",""tavg"":14.6,""tmin"":11.1,""tmax"":20.0,""prcp"":'"
149,"b'0.0,""snow"":null,""wdir"":222.5,""wspd"":11.9,""wpgt"":null,""pres"":1014.5,""tsun"":null},{""date"":""2021-05-15"",""tavg"":14.4,""tmin"":11.1,""tm'"
150,"b'ax"":18.9,""prcp"":0.0,""snow"":null,""wdir"":239.9,""wspd"":10.6,""wpgt"":null,""pres"":1012.6,""tsun"":null},{""date"":""2021-05-16"",""tavg"":15.2'"
151,"b',""tmin"":12.2,""tmax"":21.1,""prcp"":0.0,""snow"":null,""wdir"":168.1,""wspd"":14.9,""wpgt"":null,""pres"":1013.8,""tsun"":null},{""date"":""2021-05'"
152,"b'-17"",""tavg"":14.8,""tmin"":11.7,""tmax"":20.0,""prcp"":0.0,""snow"":null,""wdir"":272.1,""wspd"":14.0,""wpgt"":null,""pres"":1017.6,""tsun"":null},'"
153,"b'{""date"":""2021-05-18"",""tavg"":16.1,""tmin"":10.0,""tmax"":22.8,""prcp"":0.0,""snow"":null,""wdir"":268.3,""wspd"":12.4,""wpgt"":null,""pres"":1018'"
154,"b'.4,""tsun"":null},{""date"":""2021-05-19"",""tavg"":14.3,""tmin"":10.0,""tmax"":18.9,""prcp"":0.0,""snow"":null,""wdir"":282.4,""wspd"":15.0,""wpgt"":'"
155,"b'null,""pres"":1016.2,""tsun"":null},{""date"":""2021-05-20"",""tavg"":13.5,""tmin"":8.9,""tmax"":18.9,""prcp"":0.0,""snow"":null,""wdir"":322.2,""wsp'"
156,"b'd"":19.8,""wpgt"":null,""pres"":1016.7,""tsun"":null},{""date"":""2021-05-21"",""tavg"":14.9,""tmin"":10.0,""tmax"":21.1,""prcp"":0.0,""snow"":null,""'"
157,"b'wdir"":341.9,""wspd"":13.5,""wpgt"":null,""pres"":1015.6,""tsun"":null},{""date"":""2021-05-22"",""tavg"":15.2,""tmin"":10.0,""tmax"":22.8,""prcp"":0'"
158,"b'.0,""snow"":null,""wdir"":127.7,""wspd"":17.6,""wpgt"":null,""pres"":1017.4,""tsun"":null},{""date"":""2021-05-23"",""tavg"":14.4,""tmin"":10.0,""tma'"
159,"b'x"":20.0,""prcp"":0.0,""snow"":null,""wdir"":340.0,""wspd"":13.5,""wpgt"":null,""pres"":1020.4,""tsun"":null},{""date"":""2021-05-24"",""tavg"":16.0,'"
160,"b'""tmin"":11.1,""tmax"":23.3,""prcp"":0.0,""snow"":null,""wdir"":307.3,""wspd"":12.5,""wpgt"":null,""pres"":1019.8,""tsun"":null},{""date"":""2021-05-'"
161,"b'25"",""tavg"":16.3,""tmin"":12.2,""tmax"":20.6,""prcp"":0.0,""snow"":null,""wdir"":354.7,""wspd"":11.8,""wpgt"":null,""pres"":1018.6,""tsun"":null},{'"
162,"b'""date"":""2021-05-26"",""tavg"":16.0,""tmin"":10.6,""tmax"":23.3,""prcp"":0.0,""snow"":null,""wdir"":347.2,""wspd"":11.0,""wpgt"":null,""pres"":1017.'"
163,"b'7,""tsun"":null},{""date"":""2021-05-27"",""tavg"":16.1,""tmin"":10.0,""tmax"":21.7,""prcp"":0.0,""snow"":null,""wdir"":292.2,""wspd"":10.2,""wpgt"":n'"
164,"b'ull,""pres"":1019.4,""tsun"":null},{""date"":""2021-05-28"",""tavg"":16.7,""tmin"":12.2,""tmax"":22.2,""prcp"":0.0,""snow"":null,""wdir"":335.7,""wsp'"
165,"b'd"":13.1,""wpgt"":null,""pres"":1016.8,""tsun"":null},{""date"":""2021-05-29"",""tavg"":14.6,""tmin"":12.2,""tmax"":18.9,""prcp"":0.0,""snow"":null,""'"
166,"b'wdir"":358.6,""wspd"":13.9,""wpgt"":null,""pres"":1014.7,""tsun"":null},{""date"":""2021-05-30"",""tavg"":18.0,""tmin"":12.2,""tmax"":27.8,""prcp"":0'"
167,"b'.0,""snow"":null,""wdir"":302.8,""wspd"":10.6,""wpgt"":null,""pres"":1012.3,""tsun"":null},{""date"":""2021-05-31"",""tavg"":21.0,""tmin"":13.9,""tma'"
168,"b'x"":28.3,""prcp"":0.0,""snow"":null,""wdir"":343.5,""wspd"":9.3,""wpgt"":null,""pres"":1011.9,""tsun"":null},{""date"":""2021-06-01"",""tavg"":19.1,""'"
169,"b'tmin"":14.4,""tmax"":26.1,""prcp"":0.0,""snow"":null,""wdir"":6.3,""wspd"":11.0,""wpgt"":null,""pres"":1013.3,""tsun"":null},{""date"":""2021-06-02""'"
170,"b',""tavg"":16.9,""tmin"":13.3,""tmax"":22.8,""prcp"":0.0,""snow"":null,""wdir"":343.9,""wspd"":11.1,""wpgt"":null,""pres"":1012.5,""tsun"":null},{""da'"
171,"b'te"":""2021-06-03"",""tavg"":18.8,""tmin"":12.2,""tmax"":26.7,""prcp"":0.0,""snow"":null,""wdir"":30.8,""wspd"":7.7,""wpgt"":null,""pres"":1010.9,""ts'"
172,"b'un"":null},{""date"":""2021-06-04"",""tavg"":18.1,""tmin"":13.9,""tmax"":23.3,""prcp"":0.0,""snow"":null,""wdir"":320.7,""wspd"":11.0,""wpgt"":null,""'"
173,"b'pres"":1013.6,""tsun"":null},{""date"":""2021-06-05"",""tavg"":18.3,""tmin"":11.1,""tmax"":26.7,""prcp"":0.0,""snow"":null,""wdir"":282.4,""wspd"":11'"
174,"b'.4,""wpgt"":null,""pres"":1012.5,""tsun"":null},{""date"":""2021-06-06"",""tavg"":17.6,""tmin"":11.7,""tmax"":24.4,""prcp"":0.0,""snow"":null,""wdir""'"
175,"b':44.0,""wspd"":18.2,""wpgt"":null,""pres"":1010.5,""tsun"":null},{""date"":""2021-06-07"",""tavg"":15.7,""tmin"":11.1,""tmax"":20.6,""prcp"":0.0,""sn'"
176,"b'ow"":null,""wdir"":268.4,""wspd"":15.5,""wpgt"":null,""pres"":1012.9,""tsun"":null},{""date"":""2021-06-08"",""tavg"":15.0,""tmin"":10.6,""tmax"":20.'"
177,"b'0,""prcp"":0.0,""snow"":null,""wdir"":320.6,""wspd"":15.2,""wpgt"":null,""pres"":1017.6,""tsun"":null},{""date"":""2021-06-09"",""tavg"":14.8,""tmin""'"
178,"b':10.6,""tmax"":20.0,""prcp"":0.0,""snow"":null,""wdir"":312.5,""wspd"":15.6,""wpgt"":null,""pres"":1020.9,""tsun"":null},{""date"":""2021-06-10"",""t'"
179,"b'avg"":15.1,""tmin"":10.0,""tmax"":21.1,""prcp"":0.0,""snow"":null,""wdir"":336.7,""wspd"":15.1,""wpgt"":null,""pres"":1023.2,""tsun"":null},{""date""'"
180,"b':""2021-06-11"",""tavg"":16.7,""tmin"":10.0,""tmax"":22.8,""prcp"":0.0,""snow"":null,""wdir"":327.8,""wspd"":13.4,""wpgt"":null,""pres"":1018.8,""tsu'"
181,"b'n"":null},{""date"":""2021-06-12"",""tavg"":20.0,""tmin"":15.6,""tmax"":26.1,""prcp"":0.0,""snow"":null,""wdir"":327.4,""wspd"":14.5,""wpgt"":null,""p'"
182,"b'res"":1014.9,""tsun"":null},{""date"":""2021-06-13"",""tavg"":20.5,""tmin"":16.7,""tmax"":25.0,""prcp"":0.0,""snow"":null,""wdir"":346.1,""wspd"":15.'"
183,"b'7,""wpgt"":null,""pres"":1014.1,""tsun"":null},{""date"":""2021-06-14"",""tavg"":19.9,""tmin"":16.1,""tmax"":23.9,""prcp"":0.0,""snow"":null,""wdir"":'"
184,"b'343.8,""wspd"":15.0,""wpgt"":null,""pres"":1017.0,""tsun"":null},{""date"":""2021-06-15"",""tavg"":18.9,""tmin"":13.3,""tmax"":25.0,""prcp"":0.0,""sn'"
185,"b'ow"":null,""wdir"":336.6,""wspd"":15.9,""wpgt"":null,""pres"":1018.8,""tsun"":null},{""date"":""2021-06-16"",""tavg"":22.2,""tmin"":13.9,""tmax"":31.'"
186,"b'1,""prcp"":0.0,""snow"":null,""wdir"":339.8,""wspd"":8.9,""wpgt"":null,""pres"":1014.3,""tsun"":null},{""date"":""2021-06-17"",""tavg"":25.2,""tmin"":'"
187,"b'16.7,""tmax"":34.4,""prcp"":0.0,""snow"":null,""wdir"":329.1,""wspd"":8.6,""wpgt"":null,""pres"":1008.6,""tsun"":null},{""date"":""2021-06-18"",""tav'"
188,"b'g"":24.3,""tmin"":17.2,""tmax"":33.3,""prcp"":0.0,""snow"":null,""wdir"":345.8,""wspd"":10.0,""wpgt"":null,""pres"":1006.2,""tsun"":null},{""date"":""'"
189,"b'2021-06-19"",""tavg"":21.9,""tmin"":16.7,""tmax"":28.3,""prcp"":0.0,""snow"":null,""wdir"":308.9,""wspd"":12.4,""wpgt"":null,""pres"":1006.9,""tsun""'"
190,"b':null},{""date"":""2021-06-20"",""tavg"":19.1,""tmin"":13.3,""tmax"":25.6,""prcp"":0.0,""snow"":null,""wdir"":319.3,""wspd"":10.5,""wpgt"":null,""pre'"
191,"b's"":1009.7,""tsun"":null},{""date"":""2021-06-21"",""tavg"":19.0,""tmin"":13.9,""tmax"":25.0,""prcp"":0.0,""snow"":null,""wdir"":170.5,""wspd"":12.9,'"
192,"b'""wpgt"":null,""pres"":1012.6,""tsun"":null},{""date"":""2021-06-22"",""tavg"":20.1,""tmin"":16.1,""tmax"":25.6,""prcp"":0.0,""snow"":null,""wdir"":20'"
193,"b'8.4,""wspd"":12.8,""wpgt"":null,""pres"":1012.1,""tsun"":null},{""date"":""2021-06-23"",""tavg"":19.4,""tmin"":16.1,""tmax"":25.0,""prcp"":0.0,""snow'"
194,"b'"":null,""wdir"":220.7,""wspd"":15.7,""wpgt"":null,""pres"":1013.1,""tsun"":null},{""date"":""2021-06-24"",""tavg"":18.7,""tmin"":15.6,""tmax"":24.4,'"
195,"b'""prcp"":0.0,""snow"":null,""wdir"":342.6,""wspd"":13.3,""wpgt"":null,""pres"":1016.0,""tsun"":null},{""date"":""2021-06-25"",""tavg"":18.1,""tmin"":1'"
196,"b'5.0,""tmax"":23.3,""prcp"":0.0,""snow"":null,""wdir"":338.3,""wspd"":11.2,""wpgt"":null,""pres"":1015.6,""tsun"":null},{""date"":""2021-06-26"",""tav'"
197,"b'g"":18.9,""tmin"":15.6,""tmax"":25.0,""prcp"":0.0,""snow"":null,""wdir"":335.6,""wspd"":12.6,""wpgt"":null,""pres"":1013.1,""tsun"":null},{""date"":""'"
198,"b'2021-06-27"",""tavg"":18.1,""tmin"":15.0,""tmax"":23.3,""prcp"":0.0,""snow"":null,""wdir"":338.8,""wspd"":12.4,""wpgt"":null,""pres"":1010.2,""tsun""'"
199,"b':null},{""date"":""2021-06-28"",""tavg"":18.5,""tmin"":15.0,""tmax"":23.9,""prcp"":0.0,""snow"":null,""wdir"":338.8,""wspd"":14.0,""wpgt"":null,""pre'"
200,"b's"":1009.7,""tsun"":null},{""date"":""2021-06-29"",""tavg"":19.1,""tmin"":15.0,""tmax"":24.4,""prcp"":0.0,""snow"":null,""wdir"":334.1,""wspd"":12.6,'"
201,"b'""wpgt"":null,""pres"":1009.5,""tsun"":null},{""date"":""2021-06-30"",""tavg"":19.0,""tmin"":15.6,""tmax"":23.9,""prcp"":0.0,""snow"":null,""wdir"":33'"
202,"b'8.9,""wspd"":12.2,""wpgt"":null,""pres"":1011.6,""tsun"":null},{""date"":""2021-07-01"",""tavg"":19.5,""tmin"":15.0,""tmax"":25.6,""prcp"":0.0,""snow'"
203,"b'"":null,""wdir"":349.5,""wspd"":14.0,""wpgt"":null,""pres"":1012.5,""tsun"":null},{""date"":""2021-07-02"",""tavg"":19.2,""tmin"":15.6,""tmax"":25.6,'"
204,"b'""prcp"":0.0,""snow"":null,""wdir"":342.1,""wspd"":12.4,""wpgt"":null,""pres"":1012.7,""tsun"":null},{""date"":""2021-07-03"",""tavg"":18.6,""tmin"":1'"
205,"b'5.0,""tmax"":24.4,""prcp"":0.0,""snow"":null,""wdir"":351.5,""wspd"":12.0,""wpgt"":null,""pres"":1013.6,""tsun"":null},{""date"":""2021-07-04"",""tav'"
206,"b'g"":18.7,""tmin"":15.0,""tmax"":24.4,""prcp"":0.0,""snow"":null,""wdir"":315.9,""wspd"":15.0,""wpgt"":null,""pres"":1014.8,""tsun"":null},{""date"":""'"
207,"b'2021-07-05"",""tavg"":18.3,""tmin"":15.0,""tmax"":24.4,""prcp"":0.0,""snow"":null,""wdir"":355.8,""wspd"":13.2,""wpgt"":null,""pres"":1015.2,""tsun""'"
208,"b':null},{""date"":""2021-07-06"",""tavg"":17.9,""tmin"":15.0,""tmax"":22.8,""prcp"":0.0,""snow"":null,""wdir"":334.5,""wspd"":13.9,""wpgt"":null,""pre'"
209,"b's"":1016.2,""tsun"":null},{""date"":""2021-07-07"",""tavg"":17.1,""tmin"":13.9,""tmax"":21.1,""prcp"":0.0,""snow"":null,""wdir"":328.2,""wspd"":13.4,'"
210,"b'""wpgt"":null,""pres"":1013.7,""tsun"":null},{""date"":""2021-07-08"",""tavg"":20.9,""tmin"":13.9,""tmax"":29.4,""prcp"":0.0,""snow"":null,""wdir"":34'"
211,"b'9.9,""wspd"":7.4,""wpgt"":null,""pres"":1010.2,""tsun"":null},{""date"":""2021-07-09"",""tavg"":23.5,""tmin"":17.8,""tmax"":30.0,""prcp"":0.0,""snow""'"
212,"b':null,""wdir"":332.5,""wspd"":10.4,""wpgt"":null,""pres"":1011.6,""tsun"":null},{""date"":""2021-07-10"",""tavg"":21.2,""tmin"":15.0,""tmax"":28.3,""'"
213,"b'prcp"":0.0,""snow"":null,""wdir"":330.7,""wspd"":11.2,""wpgt"":null,""pres"":1013.1,""tsun"":null},{""date"":""2021-07-11"",""tavg"":18.6,""tmin"":14'"
214,"b'.4,""tmax"":23.3,""prcp"":0.0,""snow"":null,""wdir"":342.6,""wspd"":13.5,""wpgt"":null,""pres"":1012.5,""tsun"":null},{""date"":""2021-07-12"",""tavg'"
215,"b'"":17.1,""tmin"":13.9,""tmax"":22.2,""prcp"":0.0,""snow"":null,""wdir"":343.9,""wspd"":12.2,""wpgt"":null,""pres"":1012.6,""tsun"":null},{""date"":""2'"
216,"b'021-07-13"",""tavg"":17.5,""tmin"":13.9,""tmax"":23.3,""prcp"":0.0,""snow"":null,""wdir"":353.1,""wspd"":11.3,""wpgt"":null,""pres"":1012.3,""tsun"":'"
217,"b'null},{""date"":""2021-07-14"",""tavg"":18.4,""tmin"":13.3,""tmax"":26.1,""prcp"":0.0,""snow"":null,""wdir"":159.7,""wspd"":15.1,""wpgt"":null,""pres'"
218,"b'"":1013.1,""tsun"":null},{""date"":""2021-07-15"",""tavg"":17.0,""tmin"":13.9,""tmax"":22.8,""prcp"":0.0,""snow"":null,""wdir"":284.8,""wspd"":12.5,""'"
219,"b'wpgt"":null,""pres"":1015.1,""tsun"":null},{""date"":""2021-07-16"",""tavg"":18.0,""tmin"":11.7,""tmax"":25.6,""prcp"":0.0,""snow"":null,""wdir"":353'"
220,"b'.2,""wspd"":10.8,""wpgt"":null,""pres"":1013.4,""tsun"":null},{""date"":""2021-07-17"",""tavg"":19.6,""tmin"":12.2,""tmax"":27.2,""prcp"":0.0,""snow""'"
221,"b':null,""wdir"":348.0,""wspd"":12.4,""wpgt"":null,""pres"":1013.0,""tsun"":null},{""date"":""2021-07-18"",""tavg"":21.2,""tmin"":14.4,""tmax"":28.9,""'"
222,"b'prcp"":0.0,""snow"":null,""wdir"":350.0,""wspd"":10.4,""wpgt"":null,""pres"":1014.4,""tsun"":null},{""date"":""2021-07-19"",""tavg"":20.9,""tmin"":15'"
223,"b'.6,""tmax"":27.8,""prcp"":0.0,""snow"":null,""wdir"":348.6,""wspd"":10.9,""wpgt"":null,""pres"":1015.6,""tsun"":null},{""date"":""2021-07-20"",""tavg'"
224,"b'"":18.8,""tmin"":14.4,""tmax"":23.9,""prcp"":0.0,""snow"":null,""wdir"":330.1,""wspd"":8.6,""wpgt"":null,""pres"":1016.3,""tsun"":null},{""date"":""20'"
225,"b'21-07-21"",""tavg"":19.2,""tmin"":13.9,""tmax"":25.0,""prcp"":0.0,""snow"":null,""wdir"":320.6,""wspd"":10.6,""wpgt"":null,""pres"":1013.5,""tsun"":n'"
226,"b'ull},{""date"":""2021-07-22"",""tavg"":18.5,""tmin"":13.9,""tmax"":23.9,""prcp"":0.0,""snow"":null,""wdir"":341.6,""wspd"":10.5,""wpgt"":null,""pres""'"
227,"b':1014.0,""tsun"":null},{""date"":""2021-07-23"",""tavg"":19.6,""tmin"":12.8,""tmax"":27.8,""prcp"":0.0,""snow"":null,""wdir"":344.4,""wspd"":12.7,""w'"
228,"b'pgt"":null,""pres"":1015.3,""tsun"":null},{""date"":""2021-07-24"",""tavg"":19.3,""tmin"":12.8,""tmax"":26.7,""prcp"":0.0,""snow"":null,""wdir"":328.'"
229,"b'9,""wspd"":10.1,""wpgt"":null,""pres"":1014.7,""tsun"":null},{""date"":""2021-07-25"",""tavg"":19.7,""tmin"":13.9,""tmax"":27.2,""prcp"":0.0,""snow"":'"
230,"b'null,""wdir"":322.1,""wspd"":9.5,""wpgt"":null,""pres"":1013.3,""tsun"":null},{""date"":""2021-07-26"",""tavg"":19.8,""tmin"":15.0,""tmax"":27.2,""pr'"
231,"b'cp"":0.0,""snow"":null,""wdir"":331.4,""wspd"":8.9,""wpgt"":null,""pres"":1012.7,""tsun"":null},{""date"":""2021-07-27"",""tavg"":22.0,""tmin"":16.7,'"
232,"b'""tmax"":28.9,""prcp"":0.0,""snow"":null,""wdir"":330.2,""wspd"":11.2,""wpgt"":null,""pres"":1014.6,""tsun"":null},{""date"":""2021-07-28"",""tavg"":2'"
233,"b'1.2,""tmin"":16.1,""tmax"":27.8,""prcp"":0.0,""snow"":null,""wdir"":312.3,""wspd"":11.4,""wpgt"":null,""pres"":1015.9,""tsun"":null},{""date"":""2021'"
234,"b'-07-29"",""tavg"":21.4,""tmin"":16.1,""tmax"":27.2,""prcp"":0.0,""snow"":null,""wdir"":323.1,""wspd"":9.8,""wpgt"":null,""pres"":1013.4,""tsun"":null'"
235,"b'},{""date"":""2021-07-30"",""tavg"":21.0,""tmin"":16.1,""tmax"":27.8,""prcp"":0.0,""snow"":null,""wdir"":324.3,""wspd"":10.8,""wpgt"":null,""pres"":10'"
236,"b'12.8,""tsun"":null},{""date"":""2021-07-31"",""tavg"":20.8,""tmin"":16.1,""tmax"":27.2,""prcp"":0.0,""snow"":null,""wdir"":294.2,""wspd"":13.7,""wpgt'"
237,"b'"":null,""pres"":1015.7,""tsun"":null},{""date"":""2021-08-01"",""tavg"":19.4,""tmin"":15.0,""tmax"":25.0,""prcp"":0.0,""snow"":null,""wdir"":349.4,""'"
238,"b'wspd"":11.6,""wpgt"":null,""pres"":1017.4,""tsun"":null},{""date"":""2021-08-02"",""tavg"":19.5,""tmin"":13.9,""tmax"":26.1,""prcp"":0.0,""snow"":nul'"
239,"b'l,""wdir"":329.0,""wspd"":10.7,""wpgt"":null,""pres"":1018.2,""tsun"":null},{""date"":""2021-08-03"",""tavg"":19.4,""tmin"":14.4,""tmax"":27.2,""prcp'"
240,"b'"":0.0,""snow"":null,""wdir"":336.5,""wspd"":11.7,""wpgt"":null,""pres"":1016.0,""tsun"":null},{""date"":""2021-08-04"",""tavg"":18.2,""tmin"":14.4,""'"
241,"b'tmax"":23.9,""prcp"":0.0,""snow"":null,""wdir"":339.1,""wspd"":12.4,""wpgt"":null,""pres"":1014.7,""tsun"":null},{""date"":""2021-08-05"",""tavg"":18'"
242,"b'.8,""tmin"":15.6,""tmax"":23.9,""prcp"":0.0,""snow"":null,""wdir"":313.9,""wspd"":13.1,""wpgt"":null,""pres"":1015.9,""tsun"":null},{""date"":""2021-'"
243,"b'08-06"",""tavg"":20.8,""tmin"":15.0,""tmax"":29.4,""prcp"":0.0,""snow"":null,""wdir"":292.5,""wspd"":9.0,""wpgt"":null,""pres"":1013.9,""tsun"":null}'"
244,"b',{""date"":""2021-08-07"",""tavg"":20.7,""tmin"":16.1,""tmax"":27.8,""prcp"":0.0,""snow"":null,""wdir"":351.8,""wspd"":10.6,""wpgt"":null,""pres"":101'"
245,"b'1.6,""tsun"":null},{""date"":""2021-08-08"",""tavg"":20.6,""tmin"":15.0,""tmax"":27.8,""prcp"":0.0,""snow"":null,""wdir"":314.0,""wspd"":11.9,""wpgt""'"
246,"b':null,""pres"":1011.0,""tsun"":null},{""date"":""2021-08-09"",""tavg"":20.1,""tmin"":14.4,""tmax"":27.8,""prcp"":0.0,""snow"":null,""wdir"":297.9,""w'"
247,"b'spd"":12.9,""wpgt"":null,""pres"":1011.8,""tsun"":null},{""date"":""2021-08-10"",""tavg"":21.0,""tmin"":15.0,""tmax"":30.0,""prcp"":0.0,""snow"":null'"
248,"b',""wdir"":309.3,""wspd"":9.5,""wpgt"":null,""pres"":1012.8,""tsun"":null},{""date"":""2021-08-11"",""tavg"":21.1,""tmin"":16.7,""tmax"":27.8,""prcp"":'"
249,"b'0.0,""snow"":null,""wdir"":330.2,""wspd"":10.5,""wpgt"":null,""pres"":1013.9,""tsun"":null},{""date"":""2021-08-12"",""tavg"":21.0,""tmin"":16.7,""tm'"
250,"b'ax"":27.2,""prcp"":0.0,""snow"":null,""wdir"":319.5,""wspd"":11.6,""wpgt"":null,""pres"":1014.7,""tsun"":null},{""date"":""2021-08-13"",""tavg"":20.3'"
251,"b',""tmin"":15.6,""tmax"":26.1,""prcp"":0.0,""snow"":null,""wdir"":339.3,""wspd"":11.2,""wpgt"":null,""pres"":1016.9,""tsun"":null},{""date"":""2021-08'"
252,"b'-14"",""tavg"":20.7,""tmin"":16.1,""tmax"":26.1,""prcp"":0.0,""snow"":null,""wdir"":330.2,""wspd"":10.9,""wpgt"":null,""pres"":1017.4,""tsun"":null},'"
253,"b'{""date"":""2021-08-15"",""tavg"":20.6,""tmin"":16.1,""tmax"":26.7,""prcp"":0.0,""snow"":null,""wdir"":338.6,""wspd"":9.8,""wpgt"":null,""pres"":1014.'"
254,"b'3,""tsun"":null},{""date"":""2021-08-16"",""tavg"":21.1,""tmin"":16.1,""tmax"":27.8,""prcp"":0.0,""snow"":null,""wdir"":335.4,""wspd"":10.9,""wpgt"":n'"
255,"b'ull,""pres"":1009.8,""tsun"":null},{""date"":""2021-08-17"",""tavg"":20.7,""tmin"":16.1,""tmax"":27.8,""prcp"":0.0,""snow"":null,""wdir"":347.8,""wsp'"
256,"b'd"":12.2,""wpgt"":null,""pres"":1008.5,""tsun"":null},{""date"":""2021-08-18"",""tavg"":19.1,""tmin"":15.6,""tmax"":25.0,""prcp"":0.0,""snow"":null,""'"
257,"b'wdir"":279.3,""wspd"":15.5,""wpgt"":null,""pres"":1010.0,""tsun"":null},{""date"":""2021-08-19"",""tavg"":19.3,""tmin"":15.0,""tmax"":25.0,""prcp"":0'"
258,"b'.0,""snow"":null,""wdir"":247.7,""wspd"":9.9,""wpgt"":null,""pres"":1012.6,""tsun"":null},{""date"":""2021-08-20"",""tavg"":18.9,""tmin"":15.0,""tmax'"
259,"b'"":23.9,""prcp"":0.0,""snow"":null,""wdir"":319.9,""wspd"":9.0,""wpgt"":null,""pres"":1009.8,""tsun"":null},{""date"":""2021-08-21"",""tavg"":19.0,""t'"
260,"b'min"":15.6,""tmax"":24.4,""prcp"":0.0,""snow"":null,""wdir"":188.4,""wspd"":16.6,""wpgt"":null,""pres"":1008.6,""tsun"":null},{""date"":""2021-08-22'"
261,"b'"",""tavg"":18.9,""tmin"":15.6,""tmax"":25.6,""prcp"":0.0,""snow"":null,""wdir"":3.5,""wspd"":12.7,""wpgt"":null,""pres"":1009.5,""tsun"":null},{""dat'"
262,"b'e"":""2021-08-23"",""tavg"":18.5,""tmin"":12.8,""tmax"":26.7,""prcp"":0.0,""snow"":null,""wdir"":185.7,""wspd"":12.2,""wpgt"":null,""pres"":1011.0,""t'"
263,"b'sun"":null},{""date"":""2021-08-24"",""tavg"":18.6,""tmin"":14.4,""tmax"":25.6,""prcp"":0.0,""snow"":null,""wdir"":323.3,""wspd"":12.0,""wpgt"":null,'"
264,"b'""pres"":1012.8,""tsun"":null},{""date"":""2021-08-25"",""tavg"":18.0,""tmin"":13.9,""tmax"":24.4,""prcp"":0.0,""snow"":null,""wdir"":348.5,""wspd"":1'"
265,"b'0.5,""wpgt"":null,""pres"":1015.2,""tsun"":null},{""date"":""2021-08-26"",""tavg"":20.3,""tmin"":13.3,""tmax"":28.3,""prcp"":0.0,""snow"":null,""wdir'"
266,"b'"":345.1,""wspd"":7.1,""wpgt"":null,""pres"":1013.7,""tsun"":null},{""date"":""2021-08-27"",""tavg"":24.1,""tmin"":15.6,""tmax"":32.8,""prcp"":0.0,""s'"
267,"b'now"":null,""wdir"":347.3,""wspd"":7.0,""wpgt"":null,""pres"":1007.7,""tsun"":null},{""date"":""2021-08-28"",""tavg"":25.4,""tmin"":17.8,""tmax"":35.'"
268,"b'0,""prcp"":0.0,""snow"":null,""wdir"":323.1,""wspd"":8.0,""wpgt"":null,""pres"":1006.1,""tsun"":null},{""date"":""2021-08-29"",""tavg"":22.4,""tmin"":'"
269,"b'17.2,""tmax"":30.6,""prcp"":0.0,""snow"":null,""wdir"":319.6,""wspd"":9.2,""wpgt"":null,""pres"":1008.6,""tsun"":null},{""date"":""2021-08-30"",""tav'"
270,"b'g"":20.9,""tmin"":16.7,""tmax"":28.3,""prcp"":0.0,""snow"":null,""wdir"":346.0,""wspd"":8.0,""wpgt"":null,""pres"":1007.3,""tsun"":null},{""date"":""2'"
271,"b'021-08-31"",""tavg"":20.0,""tmin"":14.4,""tmax"":27.8,""prcp"":0.0,""snow"":null,""wdir"":111.0,""wspd"":13.7,""wpgt"":null,""pres"":1006.4,""tsun"":'"
272,"b'null},{""date"":""2021-09-01"",""tavg"":18.5,""tmin"":13.9,""tmax"":26.1,""prcp"":0.0,""snow"":null,""wdir"":154.7,""wspd"":15.5,""wpgt"":null,""pres'"
273,"b'"":1009.3,""tsun"":null},{""date"":""2021-09-02"",""tavg"":17.3,""tmin"":13.3,""tmax"":23.3,""prcp"":0.0,""snow"":null,""wdir"":207.9,""wspd"":13.7,""'"
274,"b'wpgt"":null,""pres"":1013.1,""tsun"":null},{""date"":""2021-09-03"",""tavg"":18.9,""tmin"":15.6,""tmax"":25.6,""prcp"":0.0,""snow"":null,""wdir"":340'"
275,"b'.8,""wspd"":9.7,""wpgt"":null,""pres"":1013.8,""tsun"":null},{""date"":""2021-09-04"",""tavg"":19.4,""tmin"":13.9,""tmax"":28.3,""prcp"":0.0,""snow"":'"
276,"b'null,""wdir"":332.1,""wspd"":7.4,""wpgt"":null,""pres"":1013.7,""tsun"":null},{""date"":""2021-09-05"",""tavg"":21.5,""tmin"":14.4,""tmax"":31.1,""pr'"
277,"b'cp"":0.0,""snow"":null,""wdir"":278.1,""wspd"":8.0,""wpgt"":null,""pres"":1013.3,""tsun"":null},{""date"":""2021-09-06"",""tavg"":23.6,""tmin"":15.6,'"
278,"b'""tmax"":32.8,""prcp"":0.0,""snow"":null,""wdir"":289.6,""wspd"":6.7,""wpgt"":null,""pres"":1013.2,""tsun"":null},{""date"":""2021-09-07"",""tavg"":23'"
279,"b'.2,""tmin"":17.8,""tmax"":31.1,""prcp"":0.0,""snow"":null,""wdir"":290.2,""wspd"":10.3,""wpgt"":null,""pres"":1013.6,""tsun"":null},{""date"":""2021-'"
280,"b'09-08"",""tavg"":23.0,""tmin"":17.8,""tmax"":32.8,""prcp"":0.0,""snow"":null,""wdir"":331.1,""wspd"":9.3,""wpgt"":null,""pres"":1011.4,""tsun"":null}'"
281,"b',{""date"":""2021-09-09"",""tavg"":21.0,""tmin"":17.8,""tmax"":27.2,""prcp"":0.0,""snow"":null,""wdir"":323.2,""wspd"":10.2,""wpgt"":null,""pres"":101'"
282,"b'0.4,""tsun"":null},{""date"":""2021-09-10"",""tavg"":20.2,""tmin"":16.7,""tmax"":25.6,""prcp"":0.0,""snow"":null,""wdir"":327.8,""wspd"":10.5,""wpgt""'"
283,"b':null,""pres"":1014.4,""tsun"":null},{""date"":""2021-09-11"",""tavg"":20.3,""tmin"":14.4,""tmax"":27.2,""prcp"":0.0,""snow"":null,""wdir"":347.8,""w'"
284,"b'spd"":8.1,""wpgt"":null,""pres"":1015.6,""tsun"":null},{""date"":""2021-09-12"",""tavg"":21.1,""tmin"":14.4,""tmax"":31.1,""prcp"":0.0,""snow"":null,'"
285,"b'""wdir"":349.5,""wspd"":6.8,""wpgt"":null,""pres"":1013.8,""tsun"":null},{""date"":""2021-09-13"",""tavg"":21.0,""tmin"":15.6,""tmax"":28.3,""prcp"":0'"
286,"b'.0,""snow"":null,""wdir"":0.4,""wspd"":7.5,""wpgt"":null,""pres"":1011.7,""tsun"":null},{""date"":""2021-09-14"",""tavg"":20.1,""tmin"":14.4,""tmax"":'"
287,"b'28.3,""prcp"":0.0,""snow"":null,""wdir"":326.6,""wspd"":9.1,""wpgt"":null,""pres"":1011.5,""tsun"":null},{""date"":""2021-09-15"",""tavg"":18.1,""tmi'"
288,"b'n"":13.9,""tmax"":26.1,""prcp"":0.0,""snow"":null,""wdir"":332.7,""wspd"":9.4,""wpgt"":null,""pres"":1012.2,""tsun"":null},{""date"":""2021-09-16"",""'"
289,"b'tavg"":17.0,""tmin"":12.2,""tmax"":25.0,""prcp"":0.0,""snow"":null,""wdir"":146.3,""wspd"":10.5,""wpgt"":null,""pres"":1010.8,""tsun"":null},{""date'"
290,"b'"":""2021-09-17"",""tavg"":17.7,""tmin"":13.9,""tmax"":24.4,""prcp"":0.0,""snow"":null,""wdir"":240.0,""wspd"":12.8,""wpgt"":null,""pres"":1013.7,""ts'"
291,"b'un"":null},{""date"":""2021-09-18"",""tavg"":18.1,""tmin"":12.8,""tmax"":24.4,""prcp"":0.0,""snow"":null,""wdir"":256.8,""wspd"":13.0,""wpgt"":null,""'"
292,"b'pres"":1017.4,""tsun"":null},{""date"":""2021-09-19"",""tavg"":19.6,""tmin"":17.2,""tmax"":24.4,""prcp"":0.0,""snow"":null,""wdir"":327.9,""wspd"":15'"
293,"b'.0,""wpgt"":null,""pres"":1017.9,""tsun"":null},{""date"":""2021-09-20"",""tavg"":22.1,""tmin"":13.3,""tmax"":31.7,""prcp"":0.0,""snow"":null,""wdir""'"
294,"b':282.8,""wspd"":6.2,""wpgt"":null,""pres"":1014.5,""tsun"":null},{""date"":""2021-09-21"",""tavg"":24.1,""tmin"":16.7,""tmax"":32.8,""prcp"":0.0,""sn'"
295,"b'ow"":null,""wdir"":343.2,""wspd"":7.5,""wpgt"":null,""pres"":1016.7,""tsun"":null},{""date"":""2021-09-22"",""tavg"":22.2,""tmin"":17.2,""tmax"":30.0'"
296,"b',""prcp"":0.0,""snow"":null,""wdir"":333.5,""wspd"":10.2,""wpgt"":null,""pres"":1018.0,""tsun"":null},{""date"":""2021-09-23"",""tavg"":21.0,""tmin"":'"
297,"b'14.4,""tmax"":31.7,""prcp"":0.0,""snow"":null,""wdir"":313.1,""wspd"":6.4,""wpgt"":null,""pres"":1013.0,""tsun"":null},{""date"":""2021-09-24"",""tav'"
298,"b'g"":20.8,""tmin"":15.6,""tmax"":28.3,""prcp"":0.0,""snow"":null,""wdir"":340.7,""wspd"":8.0,""wpgt"":null,""pres"":1012.5,""tsun"":null},{""date"":""2'"
299,"b'021-09-25"",""tavg"":17.6,""tmin"":13.9,""tmax"":22.8,""prcp"":0.0,""snow"":null,""wdir"":325.7,""wspd"":9.8,""wpgt"":null,""pres"":1015.0,""tsun"":n'"
300,"b'ull},{""date"":""2021-09-26"",""tavg"":17.6,""tmin"":15.0,""tmax"":21.7,""prcp"":0.0,""snow"":null,""wdir"":329.2,""wspd"":10.7,""wpgt"":null,""pres""'"
301,"b':1016.5,""tsun"":null},{""date"":""2021-09-27"",""tavg"":18.2,""tmin"":14.4,""tmax"":23.9,""prcp"":0.0,""snow"":null,""wdir"":324.7,""wspd"":11.0,""w'"
302,"b'pgt"":null,""pres"":1017.5,""tsun"":null},{""date"":""2021-09-28"",""tavg"":17.1,""tmin"":12.7,""tmax"":23.0,""prcp"":0.0,""snow"":null,""wdir"":318.'"
303,"b'0,""wspd"":19.8,""wpgt"":null,""pres"":1016.8,""tsun"":null},{""date"":""2021-09-29"",""tavg"":18.1,""tmin"":11.1,""tmax"":25.6,""prcp"":0.0,""snow"":'"
304,"b'null,""wdir"":268.6,""wspd"":9.7,""wpgt"":null,""pres"":1015.7,""tsun"":null},{""date"":""2021-09-30"",""tavg"":20.7,""tmin"":12.8,""tmax"":30.0,""pr'"
305,"b'cp"":0.0,""snow"":null,""wdir"":340.8,""wspd"":6.6,""wpgt"":null,""pres"":1015.3,""tsun"":null},{""date"":""2021-10-01"",""tavg"":21.6,""tmin"":13.9,'"
306,"b'""tmax"":31.7,""prcp"":0.0,""snow"":null,""wdir"":336.4,""wspd"":7.4,""wpgt"":null,""pres"":1014.2,""tsun"":null},{""date"":""2021-10-02"",""tavg"":22'"
307,"b'.0,""tmin"":14.0,""tmax"":32.0,""prcp"":0.0,""snow"":null,""wdir"":294.8,""wspd"":5.9,""wpgt"":null,""pres"":1015.3,""tsun"":null},{""date"":""2021-1'"
308,"b'0-03"",""tavg"":22.6,""tmin"":14.0,""tmax"":32.0,""prcp"":0.0,""snow"":null,""wdir"":312.6,""wspd"":7.1,""wpgt"":null,""pres"":1013.9,""tsun"":null},'"
309,"b'{""date"":""2021-10-04"",""tavg"":22.3,""tmin"":16.0,""tmax"":31.0,""prcp"":0.0,""snow"":null,""wdir"":335.9,""wspd"":6.9,""wpgt"":null,""pres"":1012.'"
310,"b'3,""tsun"":null},{""date"":""2021-10-05"",""tavg"":17.3,""tmin"":14.0,""tmax"":24.0,""prcp"":0.0,""snow"":null,""wdir"":334.4,""wspd"":8.0,""wpgt"":nu'"
311,"b'll,""pres"":1014.4,""tsun"":null},{""date"":""2021-10-06"",""tavg"":16.4,""tmin"":14.0,""tmax"":21.0,""prcp"":0.0,""snow"":null,""wdir"":313.1,""wspd'"
312,"b'"":7.4,""wpgt"":null,""pres"":1016.2,""tsun"":null},{""date"":""2021-10-07"",""tavg"":15.3,""tmin"":12.0,""tmax"":21.0,""prcp"":0.0,""snow"":null,""wd'"
313,"b'ir"":320.0,""wspd"":7.5,""wpgt"":null,""pres"":1016.0,""tsun"":null},{""date"":""2021-10-08"",""tavg"":14.6,""tmin"":12.0,""tmax"":19.0,""prcp"":0.6,'"
314,"b'""snow"":null,""wdir"":282.0,""wspd"":12.5,""wpgt"":null,""pres"":1018.9,""tsun"":null},{""date"":""2021-10-09"",""tavg"":16.1,""tmin"":11.0,""tmax"":'"
315,"b'23.0,""prcp"":0.0,""snow"":null,""wdir"":296.6,""wspd"":8.5,""wpgt"":null,""pres"":1021.3,""tsun"":null},{""date"":""2021-10-10"",""tavg"":16.8,""tmi'"
316,"b'n"":11.0,""tmax"":25.0,""prcp"":0.0,""snow"":null,""wdir"":296.1,""wspd"":6.9,""wpgt"":null,""pres"":1018.3,""tsun"":null},{""date"":""2021-10-11"",""'"
317,"b'tavg"":15.7,""tmin"":12.0,""tmax"":21.0,""prcp"":0.0,""snow"":null,""wdir"":313.8,""wspd"":25.7,""wpgt"":null,""pres"":1014.6,""tsun"":null},{""date'"
318,"b'"":""2021-10-12"",""tavg"":15.6,""tmin"":12.0,""tmax"":21.0,""prcp"":0.0,""snow"":null,""wdir"":320.9,""wspd"":14.7,""wpgt"":null,""pres"":1016.6,""ts'"
319,"b'un"":null},{""date"":""2021-10-13"",""tavg"":13.2,""tmin"":7.0,""tmax"":20.0,""prcp"":0.1,""snow"":null,""wdir"":238.5,""wspd"":7.3,""wpgt"":null,""pr'"
320,"b'es"":1016.7,""tsun"":null},{""date"":""2021-10-14"",""tavg"":16.4,""tmin"":9.0,""tmax"":24.0,""prcp"":0.0,""snow"":null,""wdir"":283.3,""wspd"":7.3,""'"
321,"b'wpgt"":null,""pres"":1018.8,""tsun"":null},{""date"":""2021-10-15"",""tavg"":18.1,""tmin"":10.0,""tmax"":28.0,""prcp"":0.0,""snow"":null,""wdir"":98.'"
322,"b'4,""wspd"":6.6,""wpgt"":null,""pres"":1019.7,""tsun"":null},{""date"":""2021-10-16"",""tavg"":21.4,""tmin"":13.7,""tmax"":32.0,""prcp"":0.0,""snow"":n'"
323,"b'ull,""wdir"":65.0,""wspd"":5.6,""wpgt"":null,""pres"":1015.6,""tsun"":null}]}'"
